,Name,Type_1,Total,HP,Attack,Defense,Sp_Atk,Sp_Def,Speed,Generation,isLegendary,Color,hasGender,Pr_Male,Egg_Group_1,hasMegaEvolution,Height_m,Weight_kg,Catch_Rate,Body_Style
0,Bulbasaur,9,57,17,24,23,41,37,24,0,0,3,1,6,10,0,6,49,5,9
1,Ivysaur,9,94,31,37,37,55,50,37,0,0,3,1,6,10,0,10,88,5,9
2,Venusaur,9,165,51,56,55,70,66,57,0,0,3,1,6,10,1,20,311,5,9
3,Charmander,6,51,11,27,18,36,22,42,0,0,7,1,6,10,0,5,63,5,0
4,Charmeleon,6,94,29,39,32,55,37,57,0,0,7,1,6,10,0,11,113,5,0
5,Charizard,6,169,49,58,51,77,54,74,0,0,7,1,6,10,1,17,299,5,0
6,Squirtle,17,54,16,23,39,27,36,22,0,0,1,1,6,10,0,4,67,5,0
7,Wartortle,17,94,30,38,53,41,50,35,0,0,1,1,6,10,0,10,132,5,0
8,Blastoise,17,167,50,57,67,58,69,55,0,0,1,1,6,10,1,16,291,5,0
9,Caterpie,0,3,17,10,11,2,0,24,0,0,3,1,3,1,0,2,21,32,7
10,Metapod,0,6,21,3,29,5,2,10,0,0,3,1,3,1,0,6,71,15,10
11,Butterfree,0,91,31,20,24,62,50,47,0,0,8,1,3,1,0,11,169,5,2
12,Weedle,0,3,12,12,7,2,0,29,0,0,2,1,3,1,0,2,24,32,10
13,Kakuna,0,6,17,7,24,5,2,15,0,0,9,1,3,1,0,5,72,15,10
14,Beedrill,0,91,36,64,15,22,50,52,0,0,9,1,3,1,1,10,160,5,2
15,Pidgey,12,19,12,20,15,12,8,33,0,0,2,1,3,6,0,2,12,32,12
16,Pidgeotto,12,72,34,35,29,27,22,48,0,0,2,1,3,6,0,11,163,15,12
17,Pidgeot,12,136,54,54,48,45,41,75,0,0,2,1,3,6,1,15,195,5,12
18,Rattata,12,20,5,31,11,5,8,49,0,0,6,1,3,5,0,2,27,32,9
19,Raticate,12,98,26,55,34,27,41,71,0,0,2,1,3,5,0,6,110,17,9
20,Spearow,12,23,12,35,7,9,4,47,0,0,2,1,3,6,0,2,14,32,12
21,Fearow,12,112,36,64,39,37,33,74,0,0,2,1,3,6,0,12,191,13,12
22,Ekans,13,36,7,35,19,17,26,32,0,0,6,1,3,5,0,20,49,32,10
23,Arbok,13,110,31,59,43,41,49,57,0,0,6,1,3,5,0,33,259,13,10
24,Pikachu,3,59,7,30,15,27,22,66,0,0,9,1,3,5,0,3,43,26,9
25,Raichu,3,142,31,64,29,62,50,83,0,0,9,1,3,5,0,7,163,11,0
26,Sandshrew,10,43,21,50,57,2,3,19,0,0,9,1,3,5,0,5,85,32,0
27,Sandslash,10,116,46,72,73,22,27,42,0,0,9,1,3,5,0,10,160,13,0
28,Nidoran♀,13,31,26,22,26,17,13,20,0,0,1,1,0,10,0,3,50,31,9
29,Nidorina,13,81,41,37,41,31,27,33,0,0,1,1,0,11,0,7,119,15,9
30,Nidoqueen,13,153,60,66,59,50,54,53,0,0,1,1,0,11,0,13,250,5,0
31,Nidoran♂,13,30,18,32,15,17,13,29,0,0,6,1,7,10,0,4,67,31,9
32,Nidorino,13,81,32,47,31,31,27,42,0,0,6,1,7,10,0,9,115,15,9
33,Nidoking,13,153,52,73,50,58,45,62,0,0,6,1,7,10,0,14,256,5,0
34,Clefairy,4,60,41,20,22,36,37,15,0,0,5,1,2,4,0,5,54,21,0
35,Clefable,4,140,63,45,47,66,59,37,0,0,5,1,2,4,0,13,196,2,0
36,Vulpix,6,42,10,16,15,27,37,42,0,0,2,1,2,5,0,5,71,26,9
37,Ninetales,6,153,44,51,48,56,66,74,0,0,9,1,2,5,0,11,118,11,9
38,Jigglypuff,12,29,77,20,3,22,2,3,0,0,5,1,2,4,0,4,39,24,1
39,Wigglytuff,12,109,85,45,20,58,22,24,0,0,5,1,2,4,0,10,85,6,1
40,Zubat,13,17,12,20,11,8,13,32,0,0,6,1,3,6,0,7,54,32,12
41,Golbat,13,119,46,54,44,41,45,66,0,0,6,1,3,6,0,16,238,13,12
42,Oddish,9,59,17,25,29,50,37,10,0,0,1,1,3,7,0,4,38,32,5
43,Gloom,9,91,31,40,44,58,45,19,0,0,1,1,3,7,0,7,64,15,1
44,Vileplume,9,146,46,54,57,78,59,29,0,0,7,1,3,7,0,12,111,5,1
45,Paras,0,35,7,45,29,22,27,7,0,0,7,1,3,1,0,2,38,26,7
46,Parasect,0,94,31,69,53,36,50,10,0,0,7,1,3,1,0,10,160,11,7
47,Venonat,0,47,31,30,24,17,27,24,0,0,6,1,3,1,0,10,163,26,1
48,Venomoth,0,116,41,40,34,62,45,66,0,0,6,1,3,1,0,15,87,11,2
49,Diglett,10,26,1,30,5,12,18,70,0,0,2,1,3,5,0,1,4,32,4
50,Dugtrio,10,94,7,54,24,27,41,91,0,0,2,1,3,5,0,6,175,6,8
51,Meowth,12,38,12,20,11,17,13,66,0,0,9,1,3,5,0,3,32,32,9
52,Persian,12,111,36,45,34,41,37,88,0,0,9,1,3,5,0,10,169,13,9
53,Psyduck,17,59,21,27,22,41,22,32,0,0,9,1,3,12,0,7,116,26,0
54,Golduck,17,152,51,56,51,66,50,62,0,0,1,1,3,12,0,17,274,11,0
55,Mankey,5,47,12,54,11,12,18,47,0,0,2,1,3,5,0,4,155,26,0
56,Primeape,5,119,36,76,34,36,41,70,0,0,2,1,3,5,0,10,169,11,0
57,Growlithe,6,73,26,45,20,45,22,37,0,0,2,1,5,5,0,6,113,26,9
58,Arcanine,6,175,60,81,53,70,50,70,0,0,2,1,5,5,0,19,345,11,9
59,Poliwag,17,43,12,25,15,17,13,66,0,0,1,1,3,12,0,5,86,32,5
60,Poliwhirl,17,89,36,40,39,27,22,66,0,0,1,1,3,12,0,10,119,15,1
61,Poliwrath,17,157,60,69,64,45,59,47,0,0,1,1,3,12,0,13,236,5,1
62,Abra,14,52,3,3,2,73,27,66,0,0,2,1,5,8,0,9,115,27,0
63,Kadabra,14,92,12,12,7,84,41,79,0,0,2,1,5,8,0,13,243,14,0
64,Alakazam,14,152,26,25,20,90,62,91,0,0,2,1,5,8,1,15,219,6,1
65,Machop,5,47,41,54,24,12,8,15,0,0,4,1,5,8,0,7,115,25,0
66,Machoke,5,94,51,72,44,27,32,24,0,0,4,1,5,8,0,15,265,13,1
67,Machamp,5,153,60,91,53,41,54,32,0,0,4,1,5,8,0,16,329,5,1
68,Bellsprout,9,43,21,50,11,45,3,19,0,0,3,1,3,7,0,6,30,32,1
69,Weepinbell,9,90,36,64,24,58,18,32,0,0,3,1,3,7,0,10,46,15,4
70,Victreebel,9,146,51,76,39,70,41,47,0,0,3,1,3,7,0,17,99,5,4
71,Tentacool,17,66,12,15,11,27,66,47,0,0,1,1,3,14,0,9,214,26,11
72,Tentacruel,17,159,51,45,39,55,77,74,0,0,1,1,3,14,0,16,238,8,11
73,Geodude,15,43,12,54,67,8,3,3,0,0,2,1,3,9,0,3,119,32,3
74,Graveler,15,90,26,69,75,22,18,15,0,0,2,1,3,9,0,10,316,15,1
75,Golem,15,148,51,85,84,31,37,24,0,0,2,1,3,9,0,14,377,5,1
76,Ponyta,6,96,21,59,29,41,37,66,0,0,9,1,3,5,0,10,163,26,9
77,Rapidash,6,152,36,72,44,55,50,79,0,0,9,1,3,5,0,17,305,8,9
78,Slowpoke,17,55,60,40,39,17,13,2,0,0,5,1,3,10,0,12,187,26,9
79,Slowbro,17,146,63,50,73,70,50,10,0,0,5,1,3,10,1,16,276,11,0
80,Magnemite,3,61,3,12,44,66,27,24,0,0,4,0,4,9,0,2,43,26,3
81,Magneton,3,126,21,35,64,84,41,47,0,0,4,0,4,9,0,10,250,8,8
82,Farfetch'd,12,75,23,40,29,34,34,37,0,0,2,1,3,6,0,7,96,5,12
83,Doduo,12,52,7,59,20,12,8,52,0,0,2,1,3,6,0,14,194,26,5
84,Dodrio,12,122,31,81,44,36,32,74,0,0,2,1,3,6,0,18,290,5,5
85,Seel,17,61,36,20,29,22,41,24,0,0,8,1,3,12,0,11,298,26,13
86,Dewgong,17,135,60,45,53,45,62,47,0,0,8,1,3,12,0,17,325,11,13
87,Grimer,13,61,51,54,24,17,22,7,0,0,6,1,3,0,0,9,163,26,3
88,Muk,13,152,70,76,48,41,66,29,0,0,6,1,3,0,0,12,163,11,3
89,Shellder,17,47,5,40,67,22,2,19,0,0,6,1,3,14,0,2,30,26,6
90,Cloyster,17,165,21,69,93,58,18,47,0,0,6,1,3,14,0,15,331,8,6
91,Gastly,8,52,5,12,7,70,8,57,0,0,6,1,3,0,0,13,0,26,6
92,Haunter,8,94,17,25,20,82,27,70,0,0,6,1,3,0,0,16,0,13,3
93,Gengar,8,152,31,40,34,88,45,83,0,0,6,1,3,0,1,15,200,5,0
94,Onix,15,89,7,20,91,8,18,47,0,0,4,1,3,9,0,47,363,5,10
95,Drowzee,14,62,31,23,20,20,59,21,0,0,9,1,3,8,0,10,170,26,1
96,Hypno,14,140,56,48,44,48,75,44,0,0,9,1,3,8,0,16,272,11,1
97,Krabby,17,61,5,76,62,5,2,29,0,0,7,1,3,14,0,3,47,30,7
98,Kingler,17,135,26,91,75,27,22,52,0,0,7,1,3,14,0,13,250,8,7
99,Voltorb,3,64,12,10,24,31,27,74,0,0,7,0,4,9,0,4,76,26,6
100,Electrode,3,137,31,25,44,55,50,97,0,0,7,0,4,9,0,12,261,8,6
101,Exeggcute,9,61,31,15,53,36,18,19,0,0,5,1,3,7,0,3,18,13,8
102,Exeggutor,9,162,63,69,57,85,37,32,0,0,9,1,3,7,0,20,325,5,5
103,Cubone,10,59,21,25,64,17,22,15,0,0,2,1,3,10,0,3,47,26,0
104,Marowak,10,105,31,54,73,27,50,24,0,0,2,1,3,10,0,10,213,11,0
105,Hitmonlee,5,119,21,85,27,12,73,63,0,0,2,1,7,8,0,15,224,5,1
106,Hitmonchan,5,119,21,76,52,12,73,53,0,0,2,1,7,8,0,14,226,5,1
107,Lickitung,12,89,60,30,48,36,45,10,0,0,5,1,3,10,0,12,260,5,0
108,Koffing,13,68,12,40,64,36,18,15,0,0,6,1,3,0,0,5,6,26,6
109,Weezing,13,146,36,64,79,58,41,37,0,0,6,1,3,0,0,12,70,8,8
110,Rhyhorn,10,70,51,59,64,8,3,7,0,0,4,1,3,10,0,10,323,15,9
111,Rhydon,10,142,70,91,79,22,18,19,0,0,4,1,3,10,0,19,325,8,0
112,Chansey,12,116,92,0,0,12,69,29,0,0,5,1,0,4,0,11,182,3,0
113,Tangela,9,109,36,30,75,70,13,37,0,0,1,1,3,7,0,10,183,5,5
114,Kangaskhan,12,146,70,69,53,17,50,66,0,0,2,1,0,10,1,22,278,5,0
115,Horsea,17,41,5,15,44,45,2,37,0,0,1,1,3,12,0,3,59,30,4
116,Seadra,17,111,26,40,64,66,18,62,0,0,1,1,3,12,0,12,145,11,4
117,Goldeen,17,59,17,42,34,12,22,40,0,0,7,1,3,13,0,5,96,30,13
118,Seaking,17,116,51,66,39,41,50,45,0,0,7,1,3,13,0,13,193,8,13
119,Staryu,17,68,5,20,29,45,27,62,0,0,2,0,4,14,0,7,181,30,4
120,Starmie,17,162,31,50,57,70,54,88,0,0,6,0,4,14,0,11,278,8,4
121,Mr._Mime,14,122,12,20,39,70,77,66,0,0,5,1,3,8,0,13,237,5,1
122,Scyther,0,152,41,81,53,31,50,79,0,0,3,1,3,1,0,15,242,5,2
123,Jynx,11,119,36,25,11,82,62,70,0,0,7,1,0,8,0,14,201,5,1
124,Electabuzz,3,146,36,57,31,66,54,79,0,0,9,1,5,8,0,11,163,5,0
125,Magmar,6,148,36,69,31,70,54,69,0,0,7,1,5,8,0,13,212,5,0
126,Pinsir,0,152,36,89,67,31,41,62,0,0,2,1,3,1,1,15,238,5,1
127,Tauros,12,146,46,72,64,17,41,83,0,0,2,1,7,5,0,14,296,5,9
128,Magikarp,17,5,2,1,29,1,0,57,0,0,7,1,3,13,0,9,72,32,13
129,Gyarados,17,171,63,89,52,36,66,58,0,0,1,1,3,13,1,44,369,5,10
130,Lapras,17,170,83,59,53,58,62,37,0,0,1,1,3,10,0,25,366,5,13
131,Ditto,12,36,19,23,22,25,20,27,0,0,6,0,4,2,0,2,30,4,6
132,Eevee,12,61,26,30,24,22,37,32,0,0,2,1,6,5,0,2,47,5,9
133,Vaporeon,17,165,83,40,34,78,62,42,0,0,1,1,6,5,0,10,159,5,9
134,Jolteon,3,165,36,40,34,78,62,96,0,0,9,1,6,5,0,7,143,5,9
135,Flareon,6,165,36,91,34,66,73,42,0,0,7,1,6,5,0,9,145,5,9
136,Porygon,12,91,36,35,44,58,45,19,0,0,5,0,4,9,0,7,188,5,5
137,Omanyte,15,76,7,15,67,62,27,15,0,0,1,1,6,12,0,3,54,5,11
138,Omastar,15,148,41,35,82,82,41,32,0,0,1,1,6,12,0,10,183,5,11
139,Kabuto,15,76,5,54,62,31,18,32,0,0,2,1,6,12,0,4,82,5,7
140,Kabutops,15,148,31,83,70,41,41,57,0,0,2,1,6,12,0,13,200,5,0
141,Aerodactyl,15,159,51,76,39,36,45,96,0,0,6,1,6,6,1,18,248,5,12
142,Snorlax,12,171,88,81,39,41,73,10,0,0,0,1,6,10,0,21,392,2,1
143,Articuno,11,177,60,59,67,66,79,62,0,1,1,0,4,11,0,17,239,0,12
144,Zapdos,3,177,60,64,57,85,59,74,0,1,9,0,4,11,0,16,234,0,12
145,Moltres,6,177,60,72,62,85,54,66,0,1,9,0,4,11,0,20,250,0,12
146,Dratini,2,43,13,39,20,27,22,29,0,0,1,1,3,12,0,18,25,5,10
147,Dragonair,2,102,32,58,39,45,41,47,0,0,1,1,3,12,0,36,103,5,10
148,Dragonite,2,178,61,93,64,70,66,57,0,0,2,1,3,12,0,22,363,5,0
149,Mewtwo,14,181,71,81,62,93,59,96,0,1,6,0,4,11,1,20,326,0,0
150,Mew,14,178,66,72,67,70,66,74,0,0,5,0,4,11,0,3,30,5,0
151,Chikorita,9,57,17,24,39,26,37,24,1,0,3,1,6,10,0,9,46,5,9
152,Bayleef,9,94,31,37,53,39,50,37,1,0,3,1,6,10,0,12,100,5,9
153,Meganium,9,165,51,56,67,57,66,57,1,0,3,1,6,10,0,18,312,5,9
154,Cyndaquil,6,51,11,27,18,36,22,42,1,0,9,1,6,5,0,4,58,5,1
155,Quilava,6,94,29,39,32,55,37,57,1,0,9,1,6,5,0,9,113,5,9
156,Typhlosion,6,169,49,58,51,77,54,74,1,0,9,1,6,5,0,17,277,5,9
157,Totodile,17,54,21,40,38,21,20,22,1,0,1,1,6,10,0,5,70,5,0
158,Croconaw,17,94,36,54,53,35,35,35,1,0,1,1,6,10,0,11,145,5,0
159,Feraligatr,17,167,56,76,67,54,53,55,1,0,1,1,6,10,0,23,297,5,0
160,Sentret,12,9,7,21,10,12,18,3,1,0,2,1,3,5,0,7,43,32,9
161,Furret,12,100,56,51,38,22,27,66,1,0,2,1,3,5,0,18,171,13,9
162,Hoothoot,12,23,31,10,7,13,28,29,1,0,2,1,3,6,0,6,127,32,12
163,Noctowl,12,112,66,25,24,51,63,47,1,0,2,1,3,6,0,16,202,13,12
164,Ledyba,0,26,12,3,7,17,50,32,1,0,7,1,3,1,0,10,78,32,12
165,Ledian,0,90,26,12,24,31,73,62,1,0,7,1,3,1,0,14,186,13,12
166,Spinarak,0,18,12,35,15,17,13,10,1,0,3,1,3,1,0,4,63,32,7
167,Ariados,0,90,41,64,44,36,32,19,1,0,7,1,3,1,0,11,177,13,7
168,Crobat,13,170,56,64,53,45,50,96,1,0,6,1,3,6,0,18,270,13,2
169,Chinchou,17,64,46,14,13,32,28,44,1,0,1,1,3,13,0,4,85,26,13
170,Lanturn,17,122,81,33,32,51,46,44,1,0,1,1,3,13,0,12,132,11,13
171,Pichu,3,6,2,15,2,12,8,37,1,0,9,1,3,11,0,2,14,26,9
172,Cleffa,4,10,21,7,6,22,27,2,1,0,5,1,2,11,0,2,22,21,0
173,Igglybuff,12,7,60,10,2,17,0,2,1,0,5,1,2,11,0,2,6,24,1
174,Togepi,4,17,7,3,39,17,37,3,1,0,8,1,6,11,0,2,10,26,1
175,Togetic,4,94,26,15,57,55,69,19,1,0,8,1,6,6,0,5,24,11,1
176,Natu,14,59,12,25,20,45,18,47,1,0,3,1,3,6,0,1,14,26,12
177,Xatu,14,130,36,50,44,66,41,70,1,0,3,1,3,6,0,15,96,11,12
178,Mareep,3,33,26,15,15,41,18,15,1,0,8,1,3,10,0,5,57,31,9
179,Flaaffy,3,81,41,30,29,55,32,24,1,0,5,1,3,10,0,7,89,15,0
180,Ampharos,3,157,60,50,57,82,59,32,1,0,9,1,3,10,1,14,255,5,0
181,Bellossom,9,146,46,54,64,62,66,29,1,0,3,1,3,7,0,3,41,5,1
182,Marill,17,18,41,3,24,2,22,19,1,0,1,1,3,12,0,3,63,26,0
183,Azumarill,17,102,66,25,53,36,50,29,1,0,1,1,3,12,0,7,157,11,0
184,Sudowoodo,15,96,41,72,75,8,37,10,1,0,2,1,3,9,0,12,191,9,1
185,Politoed,17,152,60,50,48,62,66,47,1,0,3,1,3,12,0,11,178,5,0
186,Hoppip,9,18,7,12,15,12,27,29,1,0,5,1,3,4,0,3,2,32,0
187,Skiploom,9,68,26,20,24,22,37,57,1,0,3,1,3,4,0,5,6,15,0
188,Jumpluff,9,122,46,30,44,31,62,83,1,0,1,1,3,4,0,7,22,5,0
189,Aipom,12,78,26,45,29,17,27,62,1,0,6,1,3,5,0,7,82,5,0
190,Sunkern,9,0,5,10,7,8,3,10,1,0,9,1,3,7,0,2,12,31,6
191,Sunflora,9,105,46,50,29,73,54,10,1,0,9,1,3,7,0,7,63,15,1
192,Yanma,0,90,36,40,20,50,18,70,1,0,7,1,3,1,0,12,191,11,2
193,Wooper,17,7,26,20,20,5,2,2,1,0,1,1,3,12,0,3,63,32,5
194,Quagsire,17,107,63,59,57,41,37,15,1,0,1,1,3,12,0,14,270,13,0
195,Espeon,14,165,36,40,34,88,62,83,1,0,6,1,6,5,0,9,151,5,9
196,Umbreon,1,165,63,40,73,36,82,42,1,0,0,1,6,5,0,10,153,5,9
197,Murkrow,1,94,31,59,17,58,15,67,1,0,0,1,3,6,0,4,15,3,12
198,Slowking,17,146,63,50,53,70,73,10,1,0,5,1,3,10,0,20,277,10,0
199,Misdreavus,8,109,31,35,34,58,54,62,1,0,6,1,3,0,0,6,6,5,6
200,Unown,14,67,19,47,22,47,20,27,1,0,0,0,4,11,0,4,35,30,6
201,Wobbuffet,14,94,91,11,32,11,30,13,1,0,1,1,3,0,0,13,157,5,4
202,Girafarig,12,119,41,54,39,62,37,62,1,0,9,1,3,5,0,15,204,8,9
203,Pineco,0,38,21,40,62,12,8,2,1,0,4,1,3,1,0,5,51,26,6
204,Forretress,0,126,46,64,88,36,32,19,1,0,6,1,3,1,0,12,327,11,6
205,Dunsparce,12,100,66,45,44,41,37,24,1,0,9,1,3,5,0,15,92,26,10
206,Gligar,10,107,36,50,70,12,37,62,1,0,6,1,3,1,0,11,258,8,12
207,Steelix,16,157,46,59,95,31,37,10,1,0,4,1,3,9,1,48,389,2,10
208,Snubbull,4,43,31,54,24,17,13,10,1,0,5,1,2,5,0,5,57,26,1
209,Granbull,4,116,60,85,48,36,32,24,1,0,6,1,2,5,0,14,222,11,0
210,Qwilfish,17,107,36,69,48,31,27,62,1,0,4,1,3,13,0,4,29,5,13
211,Scizor,0,152,41,91,67,31,50,42,1,0,7,1,3,1,1,18,324,2,2
212,Shuckle,0,153,2,1,96,0,89,0,1,0,9,1,3,1,0,5,123,26,7
213,Heracross,0,152,51,89,48,17,62,62,1,0,1,1,3,1,1,15,236,5,1
214,Sneasel,1,107,26,69,29,12,45,88,1,0,0,1,3,5,0,9,155,8,0
215,Teddiursa,12,64,31,54,24,27,22,19,1,0,2,1,3,5,0,5,66,15,0
216,Ursaring,12,152,60,91,48,50,45,32,1,0,2,1,3,5,0,18,327,8,0
217,Slugma,6,18,12,15,15,45,13,3,1,0,7,1,3,0,0,6,183,26,10
218,Magcargo,6,96,21,25,79,55,50,10,1,0,7,1,3,0,0,7,238,11,10
219,Swinub,11,18,21,25,15,8,3,29,1,0,2,1,3,5,0,3,47,30,9
220,Piloswine,11,116,66,72,53,36,32,29,1,0,2,1,3,5,0,11,241,11,9
221,Corsola,17,86,26,30,57,41,54,15,1,0,5,1,2,12,0,5,35,8,7
222,Remoraid,17,43,7,40,11,41,8,42,1,0,4,1,3,12,0,5,85,26,13
223,Octillery,17,137,46,76,48,73,45,24,1,0,7,1,3,12,0,9,157,11,11
224,Delibird,11,64,17,30,20,41,18,52,1,0,7,1,3,12,0,9,101,5,12
225,Mantine,17,126,36,15,44,55,85,47,1,0,6,1,3,12,0,21,366,2,12
226,Skarmory,16,126,36,54,88,17,41,47,1,0,4,1,3,6,0,17,227,2,12
227,Houndour,1,64,17,35,7,55,22,42,1,0,0,1,3,5,0,5,78,15,9
228,Houndoom,1,152,46,64,24,78,50,70,1,0,0,1,3,5,1,14,183,5,9
229,Kingdra,17,171,46,69,64,66,62,62,1,0,1,1,3,12,0,18,343,5,4
230,Phanpy,10,64,60,35,34,17,13,19,1,0,1,1,3,5,0,4,177,15,9
231,Donphan,10,152,60,85,79,36,32,29,1,0,4,1,3,5,0,11,325,8,9
232,Porygon2,12,159,56,54,62,73,62,37,1,0,7,0,4,9,0,5,171,5,5
233,Stantler,12,126,44,69,36,58,37,62,1,0,2,1,3,5,0,14,267,5,9
234,Smeargle,12,18,26,3,11,2,18,52,1,0,8,1,3,5,0,12,246,5,0
235,Tyrogue,5,7,7,12,11,12,8,15,1,0,6,1,7,11,0,6,126,11,1
236,Hitmontop,5,119,21,69,64,12,73,47,1,0,2,1,7,8,0,14,219,5,0
237,Smoochum,11,47,17,10,2,58,37,42,1,0,5,1,0,11,0,3,43,5,1
238,Elekid,3,78,17,38,12,41,27,70,1,0,9,1,5,11,0,5,137,5,1
239,Magby,6,81,17,50,12,45,27,60,1,0,7,1,5,11,0,6,128,5,0
240,Miltank,12,146,63,54,70,17,41,74,1,0,5,1,0,5,0,12,271,5,0
241,Blissey,12,171,93,1,1,50,83,32,1,0,5,1,0,4,0,15,217,3,1
242,Raikou,3,177,60,59,48,82,66,88,1,1,9,0,4,11,0,19,350,0,9
243,Entei,6,177,77,83,57,62,45,74,1,1,2,0,4,11,0,21,354,0,9
244,Suicune,17,177,66,50,75,62,75,62,1,1,1,0,4,11,0,20,352,0,9
245,Larvitar,15,43,21,39,24,22,22,20,1,0,3,1,3,10,0,5,269,5,0
246,Pupitar,15,96,41,58,44,41,41,30,1,0,4,1,3,10,0,12,343,5,10
247,Tyranitar,15,178,66,93,73,66,66,38,1,0,3,1,3,10,1,20,358,5,0
248,Lugia,14,181,71,64,84,62,87,83,1,1,8,0,4,11,0,40,365,0,12
249,Ho-Oh,6,181,71,91,62,78,87,66,1,1,7,0,4,11,0,35,355,0,12
250,Celebi,14,178,66,72,67,70,66,74,1,0,3,0,4,11,0,5,35,5,1
251,Treecko,9,52,12,20,11,41,27,47,2,0,3,1,6,10,0,4,35,5,0
252,Grovyle,9,94,21,40,20,58,37,70,2,0,3,1,6,10,0,9,130,5,0
253,Sceptile,9,167,41,59,39,73,54,91,2,0,3,1,6,10,1,17,232,5,0
254,Torchic,6,52,17,35,15,45,22,24,2,0,7,1,6,5,0,3,18,5,5
255,Combusken,6,94,31,59,34,58,32,32,2,0,7,1,6,5,0,9,115,5,0
256,Blaziken,6,167,51,85,44,78,41,57,2,0,7,1,6,5,1,19,231,5,0
257,Mudkip,17,52,21,45,24,27,22,19,2,0,1,1,6,10,0,3,55,5,9
258,Marshtomp,17,94,41,59,44,36,41,29,2,0,1,1,6,10,0,6,155,5,0
259,Swampert,17,170,66,81,62,58,59,37,2,0,1,1,6,10,1,15,284,5,0
260,Poochyena,1,11,7,30,11,8,3,15,2,0,4,1,3,5,0,4,91,32,9
261,Mightyena,1,102,41,64,44,36,32,47,2,0,4,1,3,5,0,10,189,17,9
262,Zigzagoon,12,15,10,10,16,8,14,37,2,0,2,1,3,5,0,3,107,32,9
263,Linoone,12,102,49,45,35,27,33,74,2,0,8,1,3,5,0,4,171,13,9
264,Wurmple,0,3,17,20,11,2,3,3,2,0,7,1,3,1,0,2,28,32,10
265,Silcoon,0,6,21,12,29,5,2,2,2,0,8,1,3,1,0,5,72,15,6
266,Beautifly,0,91,31,45,24,70,22,42,2,0,9,1,3,1,0,10,156,5,2
267,Cascoon,0,6,21,12,29,5,2,2,2,0,6,1,3,1,0,6,82,15,6
268,Dustox,0,89,31,25,44,27,59,42,2,0,3,1,3,1,0,12,168,5,2
269,Lotad,17,11,12,10,7,17,22,10,2,0,3,1,3,12,0,4,19,32,7
270,Lombre,17,68,31,25,24,36,41,29,2,0,3,1,3,12,0,12,171,15,1
271,Ludicolo,17,137,51,45,44,62,66,47,2,0,3,1,3,12,0,15,238,5,1
272,Seedot,9,11,12,15,24,8,3,10,2,0,2,1,3,5,0,4,30,32,5
273,Nuzleaf,9,68,41,45,15,36,13,37,2,0,2,1,3,5,0,10,155,15,1
274,Shiftry,9,137,60,72,34,62,32,57,2,0,2,1,3,5,0,13,249,5,1
275,Taillow,12,29,12,30,7,8,3,62,2,0,1,1,3,6,0,2,17,27,12
276,Swellow,12,107,31,59,34,27,22,94,2,0,1,1,3,6,0,6,117,5,12
277,Wingull,17,29,12,10,7,31,3,62,2,0,8,1,3,12,0,5,70,26,12
278,Pelipper,17,107,31,25,67,58,41,42,2,0,9,1,3,12,0,12,155,5,12
279,Ralts,14,4,4,7,5,22,8,19,2,0,8,1,3,0,0,3,48,31,1
280,Kirlia,14,32,10,12,11,41,27,29,2,0,8,1,3,0,0,7,121,15,1
281,Gardevoir,14,160,39,40,39,85,75,57,2,0,8,1,3,0,1,16,220,5,1
282,Surskit,0,28,12,10,8,27,24,42,2,0,1,1,3,12,0,4,11,27,7
283,Masquerain,0,99,41,35,36,55,52,37,2,0,1,1,3,12,0,7,28,11,2
284,Shroomish,9,41,31,15,34,17,32,15,2,0,2,1,3,4,0,3,34,32,5
285,Breloom,9,122,31,91,53,36,32,47,2,0,3,1,3,4,0,12,194,13,0
286,Slakoth,12,33,31,35,34,12,8,10,2,0,2,1,3,5,0,7,140,32,9
287,Vigoroth,12,111,51,54,53,31,27,66,2,0,8,1,3,5,0,14,216,15,0
288,Slaking,12,180,87,98,67,66,37,74,2,0,2,1,3,5,0,20,330,5,1
289,Nincada,0,27,6,20,62,8,3,19,2,0,4,1,3,1,0,4,39,32,7
290,Ninjask,0,120,32,64,20,27,22,100,2,0,9,1,3,1,0,7,85,15,2
291,Shedinja,0,13,0,64,20,8,3,19,2,0,2,0,4,9,0,7,8,5,4
292,Whismur,12,15,35,26,4,28,1,8,2,0,5,1,3,10,0,5,102,26,0
293,Loudred,12,78,55,46,18,46,16,27,2,0,1,1,3,10,0,10,200,15,0
294,Exploud,12,146,69,65,37,63,44,45,2,0,1,1,3,10,0,15,287,5,0
295,Makuhita,5,14,43,35,7,2,3,7,2,0,9,1,5,8,0,10,293,25,1
296,Hariyama,5,134,86,85,34,17,32,29,2,0,2,1,5,8,0,23,371,27,1
297,Azurill,12,1,21,3,15,2,13,3,2,0,1,1,2,11,0,1,14,21,5
298,Nosepass,15,85,5,20,87,22,59,10,2,0,4,1,3,9,0,10,309,32,1
299,Skitty,12,22,21,20,20,12,8,29,2,0,5,1,2,5,0,5,80,32,9
300,Delcatty,12,86,41,40,39,31,27,47,2,0,6,1,2,5,0,11,172,8,9
301,Sableye,1,86,21,50,48,41,37,29,2,0,6,1,3,8,1,4,80,5,1
302,Mawile,16,86,21,59,57,31,27,29,2,0,0,1,3,5,1,5,82,5,1
303,Aron,16,64,21,45,67,17,13,10,2,0,4,1,3,10,0,3,250,25,9
304,Lairon,16,107,31,64,88,27,22,19,2,0,4,1,3,10,0,9,325,13,9
305,Aggron,16,167,41,81,93,36,32,29,2,0,4,1,3,10,1,21,387,5,0
306,Meditite,5,33,5,15,29,17,27,37,2,0,1,1,3,8,0,5,81,25,1
307,Medicham,5,96,31,35,48,36,45,57,2,0,7,1,3,8,1,13,167,13,1
308,Electrike,3,41,12,20,15,41,13,42,2,0,3,1,3,5,0,5,97,15,9
309,Manectric,3,135,41,50,34,73,32,79,2,0,9,1,3,5,1,15,197,5,9
310,Plusle,3,94,31,25,15,58,45,70,2,0,9,1,3,4,0,3,32,27,0
311,Minun,3,94,31,15,24,50,54,70,2,0,9,1,3,4,0,3,32,27,0
312,Volbeat,0,92,36,48,29,24,45,62,2,0,4,1,7,1,0,6,108,21,0
313,Illumise,0,92,36,22,29,48,45,62,2,0,6,1,0,1,0,5,108,21,1
314,Roselia,9,92,21,35,20,70,50,42,2,0,3,1,3,4,0,2,14,21,1
315,Gulpin,13,44,41,18,27,20,25,19,2,0,3,1,3,0,0,3,75,30,3
316,Swalot,13,128,66,48,55,48,53,32,2,0,6,1,3,0,0,17,278,11,3
317,Carvanha,17,47,17,64,3,41,0,42,2,0,7,1,3,13,0,7,125,30,13
318,Sharpedo,17,122,41,85,15,66,13,70,2,0,1,1,3,13,1,18,297,8,13
319,Wailmer,17,92,83,45,11,45,8,37,2,0,1,1,3,5,0,20,329,16,13
320,Wailord,17,152,90,64,20,62,18,37,2,0,1,1,3,5,0,49,388,8,13
321,Numel,6,47,31,35,15,41,18,15,2,0,9,1,3,5,0,6,140,32,9
322,Camerupt,6,122,41,72,44,73,45,19,2,0,7,1,3,5,1,19,366,21,9
323,Torkoal,6,130,41,59,88,58,41,3,2,0,2,1,3,5,0,4,279,13,9
324,Spoink,14,64,31,7,11,45,50,37,2,0,0,1,3,5,0,6,165,32,3
325,Grumpig,14,130,51,20,39,62,73,57,2,0,6,1,3,5,0,9,268,8,0
326,Spinda,12,78,31,35,34,36,32,37,2,0,2,1,3,5,0,11,35,32,0
327,Trapinch,10,38,17,72,20,22,18,1,2,0,2,1,3,1,0,6,96,32,7
328,Vibrava,10,68,21,45,24,27,22,47,2,0,3,1,3,1,0,11,98,15,2
329,Flygon,10,162,51,72,53,55,50,74,2,0,3,1,3,1,0,20,285,5,12
330,Cacnea,9,66,21,59,15,58,13,15,2,0,3,1,3,7,0,3,229,26,1
331,Cacturne,9,135,41,83,34,82,32,32,2,0,3,1,3,7,0,13,275,8,1
332,Swablu,12,52,17,15,34,17,45,29,2,0,1,1,3,6,0,3,8,32,12
333,Altaria,2,146,46,45,62,45,69,57,2,0,1,1,3,6,1,11,124,5,12
334,Zangoose,12,121,44,83,34,36,32,66,2,0,8,1,3,5,0,13,198,13,0
335,Seviper,13,121,44,72,34,70,32,42,2,0,0,1,3,5,0,27,233,13,10
336,Lunatone,15,111,41,30,39,66,54,47,2,0,9,0,4,9,0,10,348,5,6
337,Solrock,15,111,41,69,57,31,37,47,2,0,7,0,4,9,0,12,344,5,6
338,Barboach,17,36,21,23,18,23,14,37,2,0,4,1,3,13,0,3,13,26,13
339,Whiscash,17,129,74,53,47,51,42,37,2,0,1,1,3,13,0,9,138,11,13
340,Corphish,17,50,15,54,39,27,8,15,2,0,7,1,3,12,0,5,82,28,7
341,Crawdaunt,17,129,34,85,57,62,27,32,2,0,7,1,3,12,0,11,173,22,7
342,Baltoy,10,43,12,15,29,17,41,32,2,0,2,0,4,9,0,4,129,32,3
343,Claydol,10,152,31,45,70,45,77,52,2,0,0,0,4,9,0,15,320,13,3
344,Lileep,15,76,37,16,50,37,56,5,2,0,6,1,6,14,0,10,139,5,4
345,Cradily,15,148,57,55,65,56,71,22,2,0,3,1,6,14,0,15,251,5,4
346,Anorith,15,76,17,69,24,17,22,52,2,0,4,1,6,14,0,6,87,5,7
347,Armaldo,15,148,46,89,67,45,50,24,2,0,4,1,6,14,0,15,263,5,0
348,Feebas,17,5,2,2,3,0,27,57,2,0,2,1,3,12,0,5,53,32,13
349,Milotic,17,171,63,35,52,70,79,58,2,0,5,1,3,12,0,43,347,8,10
350,Castform,12,102,41,45,44,45,41,47,2,0,8,1,3,4,0,2,4,5,6
351,Kecleon,12,111,31,64,44,36,77,19,2,0,3,1,3,5,0,10,131,27,0
352,Shuppet,8,41,16,50,11,39,6,24,2,0,0,1,3,0,0,5,17,30,6
353,Banette,8,119,35,83,39,57,35,42,2,0,0,1,3,0,1,11,87,5,0
354,Duskull,8,41,2,15,62,8,59,7,2,0,0,1,3,0,0,7,96,26,3
355,Dusclops,8,119,12,45,84,36,82,7,2,0,0,1,3,0,0,16,165,13,1
356,Tropius,9,122,65,43,55,47,56,30,2,0,3,1,3,10,0,20,311,27,9
357,Chimecho,14,105,36,25,44,66,50,42,2,0,1,1,3,0,0,5,6,5,3
358,Absol,1,126,36,91,34,50,32,52,2,0,8,1,3,5,1,12,218,3,9
359,Wynaut,14,22,63,5,22,3,20,5,2,0,1,1,3,11,0,5,92,16,0
360,Snorunt,11,43,21,25,24,27,22,29,2,0,4,1,3,4,0,6,104,26,1
361,Glalie,11,137,51,54,53,55,50,57,2,0,4,1,3,4,1,15,372,11,6
362,Spheal,11,38,41,15,24,31,22,7,2,0,1,1,3,12,0,7,195,32,13
363,Sealeo,11,96,60,35,44,50,41,24,2,0,1,1,3,12,0,11,295,15,13
364,Walrein,11,167,74,54,62,66,59,42,2,0,1,1,3,12,0,14,342,5,9
365,Clamperl,17,70,7,39,57,49,27,12,2,0,1,1,3,12,0,3,233,32,6
366,Huntail,17,142,26,75,70,65,45,31,2,0,1,1,3,12,0,17,153,8,10
367,Gorebyss,17,142,26,58,70,81,45,31,2,0,5,1,3,12,0,18,133,8,10
368,Relicanth,17,142,66,64,84,22,37,32,2,0,4,1,6,12,0,10,136,2,13
369,Luvdisc,17,64,15,10,29,17,37,71,2,0,5,1,2,13,0,5,65,30,13
370,Bagon,2,43,17,50,34,17,3,29,2,0,1,1,3,3,0,5,206,5,1
371,Shelgon,2,102,36,69,67,36,22,29,2,0,8,1,3,3,0,11,322,5,9
372,Salamence,2,178,63,94,53,78,50,74,2,0,1,1,3,3,1,15,315,5,9
373,Beldum,16,43,12,30,53,12,32,10,2,0,1,0,4,9,0,5,306,0,4
374,Metang,16,102,31,50,67,31,50,29,2,0,1,0,4,9,0,12,359,0,3
375,Metagross,16,178,51,94,84,66,59,47,2,0,1,0,4,9,1,16,394,0,8
376,Regirock,15,177,51,72,95,27,66,29,2,1,2,0,4,11,0,17,368,0,1
377,Regice,11,177,51,25,67,70,88,29,2,1,1,0,4,11,0,18,349,0,1
378,Registeel,16,177,51,50,90,50,86,29,2,1,4,0,4,11,0,19,361,0,1
379,Latias,2,178,51,54,62,78,82,83,2,1,7,1,0,11,1,14,196,0,12
380,Latios,2,178,51,64,53,88,73,83,2,1,1,1,7,11,1,20,250,0,12
381,Kyogre,17,180,66,72,62,92,85,66,2,1,1,0,4,11,0,38,386,0,13
382,Groudon,10,180,66,97,88,70,59,66,2,1,7,0,4,11,0,33,397,0,0
383,Rayquaza,2,181,70,97,62,92,59,70,2,1,3,0,4,11,1,46,362,5,10
384,Jirachi,16,178,66,72,67,70,66,74,2,1,9,0,4,11,0,2,7,0,1
385,Deoxys,14,178,21,97,24,92,22,99,2,1,7,0,4,11,0,17,253,0,1
386,Turtwig,9,57,26,43,38,22,27,11,3,0,3,1,6,10,0,3,74,5,9
387,Grotle,9,94,46,63,57,31,37,16,3,0,3,1,6,10,0,11,309,5,9
388,Torterra,9,165,63,80,70,50,54,33,3,0,3,1,6,10,0,22,379,5,9
389,Chimchar,6,51,16,33,19,34,17,38,3,0,2,1,6,5,0,4,44,5,0
390,Monferno,6,94,35,53,26,53,24,58,3,0,2,1,6,5,0,9,131,5,0
391,Infernape,6,169,47,75,45,72,42,81,3,0,2,1,6,5,0,12,238,5,0
392,Piplup,17,54,24,26,27,37,28,19,3,0,1,1,6,12,0,3,36,5,1
393,Prinplup,17,94,35,41,42,56,46,29,3,0,1,1,6,12,0,7,134,5,0
394,Empoleon,17,167,55,60,60,79,67,37,3,0,1,1,6,12,0,17,288,5,0
395,Starly,12,17,12,30,7,8,3,37,3,0,2,1,3,6,0,2,14,32,12
396,Staravia,12,68,26,50,24,17,13,57,3,0,2,1,3,6,0,5,99,15,12
397,Staraptor,12,142,56,85,44,27,32,74,3,0,2,1,3,6,0,12,144,5,12
398,Bidoof,12,18,30,20,15,12,13,11,3,0,2,1,3,12,0,4,119,32,9
399,Bibarel,12,96,50,59,34,31,32,48,3,0,2,1,3,12,0,10,167,17,0
400,Kricketot,0,2,9,7,16,5,14,7,3,0,7,1,3,1,0,2,16,32,1
401,Kricketune,0,88,48,59,25,31,23,42,3,0,7,1,3,1,0,10,148,5,2
402,Shinx,3,24,17,40,10,17,7,24,3,0,1,1,3,5,0,4,70,31,9
403,Luxio,3,80,31,59,23,36,21,37,3,0,1,1,3,5,0,9,164,15,9
404,Luxray,3,164,51,85,52,66,49,47,3,0,1,1,3,5,0,14,205,5,9
405,Budew,9,33,12,10,11,27,41,32,3,0,3,1,3,11,0,1,8,32,1
406,Roserade,9,159,31,45,39,85,69,66,3,0,3,1,3,4,0,9,94,11,1
407,Cranidos,15,73,38,89,15,8,3,35,3,0,1,1,6,10,0,9,167,5,0
408,Rampardos,15,148,64,99,34,41,22,35,3,0,1,1,6,10,0,16,314,5,0
409,Shieldon,15,73,5,17,77,19,57,10,3,0,4,1,6,10,0,4,244,5,9
410,Bastiodon,15,148,31,27,92,24,84,10,3,0,4,1,6,10,0,13,339,5,9
411,Burmy,0,12,12,9,20,7,18,16,3,0,4,1,3,1,0,1,26,15,4
412,Wormadam,0,104,31,34,57,54,69,16,3,0,4,1,0,1,0,4,47,5,4
413,Mothim,0,104,41,68,24,65,22,43,3,0,9,1,7,1,0,9,135,5,2
414,Combee,0,16,5,10,17,8,15,47,3,0,9,1,6,1,0,2,39,15,8
415,Vespiquen,0,134,41,54,68,55,68,19,3,0,9,1,0,1,0,12,192,5,2
416,Pachirisu,3,94,31,20,44,22,59,70,3,0,8,1,3,5,0,3,29,27,9
417,Buizel,17,64,26,40,11,36,3,62,3,0,2,1,3,12,0,6,160,26,9
418,Floatzel,17,148,56,76,29,58,22,88,3,0,2,1,3,12,0,11,177,11,9
419,Cherubi,9,31,17,12,20,38,25,15,3,0,5,1,3,4,0,3,25,26,8
420,Cherrim,9,116,41,35,44,60,48,62,3,0,5,1,3,4,0,4,68,11,5
421,Shellos,17,61,47,23,22,33,34,14,3,0,6,1,3,12,0,2,45,26,10
422,Gastrodon,17,135,75,57,42,64,52,18,3,0,6,1,3,12,0,9,162,11,10
423,Ambipom,12,139,46,72,40,36,38,88,3,0,6,1,3,5,0,12,122,5,0
424,Drifloon,8,71,60,25,10,36,17,47,3,0,6,1,3,0,0,3,8,16,3
425,Drifblim,8,150,87,54,19,62,26,57,3,0,6,1,3,0,0,12,96,8,3
426,Buneary,12,73,26,41,19,21,28,62,3,0,2,1,3,5,0,3,39,26,0
427,Lopunny,12,137,36,51,56,30,63,79,3,0,2,1,3,5,1,12,175,8,0
428,Mismagius,8,148,31,35,34,73,69,79,3,0,6,1,3,0,0,9,33,5,6
429,Honchkrow,1,153,66,89,26,73,24,48,3,0,0,1,3,6,0,9,154,3,12
430,Glameow,12,52,20,30,17,19,10,62,3,0,4,1,2,5,0,4,29,26,9
431,Purugly,12,117,42,56,38,40,31,85,3,0,4,1,2,5,0,10,209,11,9
432,Chingling,14,35,17,10,24,41,22,24,3,0,9,1,3,11,0,1,3,15,1
433,Stunky,13,63,34,38,21,18,14,51,3,0,6,1,3,5,0,3,114,30,9
434,Skuntank,13,136,68,67,41,46,33,61,3,0,6,1,3,5,0,10,191,8,9
435,Bronzor,16,43,28,6,58,4,55,5,3,0,3,0,4,9,0,4,252,32,6
436,Bronzong,16,152,38,63,76,54,76,13,3,0,3,0,4,9,0,13,352,13,3
437,Bonsly,15,38,21,54,64,0,18,1,3,0,2,1,3,11,0,4,96,32,5
438,Mime_Jr.,14,52,2,7,20,45,59,37,3,0,5,1,3,11,0,5,88,20,1
439,Happiny,12,11,66,0,0,1,37,10,3,0,5,1,0,11,0,5,142,18,1
440,Chatot,12,97,47,40,20,64,15,67,3,0,0,1,3,6,0,4,13,3,12
441,Spiritomb,8,142,21,66,72,64,72,15,3,0,6,1,3,0,0,10,320,14,4
442,Gible,2,43,29,45,20,17,18,21,3,0,1,1,3,10,0,6,123,5,0
443,Gabite,2,96,39,64,39,27,27,59,3,0,1,1,3,10,0,14,242,5,0
444,Garchomp,2,178,72,91,64,55,54,76,3,0,1,1,3,10,1,19,305,5,0
445,Munchlax,12,90,84,59,15,17,54,0,3,0,0,1,6,11,0,5,316,6,1
446,Riolu,5,35,12,45,15,12,13,37,3,0,1,1,6,11,0,6,121,11,0
447,Lucario,5,165,41,81,44,82,41,66,3,0,1,1,6,5,1,12,236,5,0
448,Hippopotas,10,64,39,47,51,15,15,12,3,0,2,1,3,5,0,7,223,19,9
449,Hippowdon,10,165,72,82,77,43,43,26,3,0,2,1,3,5,0,20,377,8,9
450,Skorupi,13,64,12,25,62,8,27,42,3,0,6,1,3,1,0,7,85,15,7
451,Drapion,13,152,41,64,73,36,45,70,3,0,6,1,3,1,0,13,255,5,7
452,Croagunk,13,43,19,36,15,37,13,29,3,0,1,1,3,8,0,6,134,19,1
453,Toxicroak,13,146,54,77,39,59,37,62,3,0,1,1,3,8,0,13,211,11,1
454,Carnivine,9,118,45,72,46,62,43,25,3,0,3,1,3,7,0,14,153,27,11
455,Finneon,17,64,20,24,30,26,33,43,3,0,1,1,3,13,0,3,50,26,13
456,Lumineon,17,122,40,44,49,44,55,67,3,0,1,1,3,13,0,12,140,11,13
457,Mantyke,17,70,17,3,24,36,77,29,3,0,1,1,3,11,0,10,259,2,12
458,Snover,9,65,31,37,24,38,32,19,3,0,8,1,3,10,0,10,227,15,0
459,Abomasnow,9,147,60,66,48,64,54,37,3,0,8,1,3,10,1,22,333,8,0
460,Weavile,1,157,41,85,39,22,54,94,3,0,0,1,3,5,0,11,179,5,0
461,Magnezone,3,170,41,45,75,88,59,37,3,0,4,0,4,9,0,12,351,3,3
462,Lickilicky,12,159,74,59,64,55,62,29,3,0,5,1,3,10,0,17,337,3,1
463,Rhyperior,10,170,77,95,84,31,27,19,3,0,4,1,3,10,0,24,375,3,0
464,Tangrowth,9,170,66,72,82,78,22,29,3,0,1,1,3,7,0,20,328,3,1
465,Electivire,3,171,46,87,41,66,54,70,3,0,9,1,5,8,0,18,335,3,0
466,Magmortar,6,171,46,69,41,85,62,60,3,0,7,1,5,8,0,16,262,3,0
467,Togekiss,4,172,56,25,64,84,75,57,3,0,8,1,6,6,0,15,191,3,12
468,Yanmega,0,159,57,51,58,83,28,70,3,0,3,1,3,1,0,19,230,3,2
469,Leafeon,9,165,36,81,84,36,37,70,3,0,3,1,6,5,0,10,148,5,9
470,Glaceon,11,165,36,35,73,88,62,42,3,0,1,1,6,5,0,7,149,5,9
471,Gliscor,10,157,46,69,82,22,45,70,3,0,6,1,3,1,0,20,208,3,12
472,Mamoswine,11,167,74,91,53,45,32,57,3,0,2,1,3,5,0,25,376,6,9
473,Porygon-Z,12,170,56,54,44,90,45,66,3,0,7,0,4,9,0,9,179,3,3
474,Gallade,14,160,39,89,39,41,75,57,3,0,8,1,7,0,1,16,231,5,1
475,Probopass,15,165,31,30,89,50,86,19,3,0,4,1,3,9,0,14,384,8,8
476,Dusknoir,8,165,17,72,87,41,83,24,3,0,0,1,3,0,0,22,318,5,3
477,Froslass,11,137,41,54,44,55,41,83,3,0,8,1,0,4,0,13,152,11,3
478,Rotom,3,111,21,25,50,66,47,67,3,0,7,0,4,0,0,2,1,5,6
479,Uxie,14,177,46,50,84,50,82,70,3,1,9,0,4,11,0,2,1,0,0
480,Mesprit,14,177,51,76,70,73,69,57,3,1,5,0,4,11,0,2,1,0,0
481,Azelf,14,177,46,89,44,85,41,88,3,1,1,0,4,11,0,2,1,0,0
482,Dialga,16,181,66,85,79,92,66,66,3,1,8,0,4,11,0,41,396,0,9
483,Palkia,17,181,60,85,67,92,77,74,3,1,6,0,4,11,0,37,383,0,0
484,Heatran,6,178,61,64,71,88,70,54,3,1,2,1,3,11,0,17,391,0,9
485,Regigigas,12,180,74,98,73,55,73,74,3,1,8,0,4,11,0,34,390,0,1
486,Giratina,8,181,87,85,67,84,66,66,3,1,0,0,4,11,0,45,395,0,10
487,Cresselia,14,178,79,45,79,50,82,62,3,0,9,1,0,11,0,15,292,0,10
488,Phione,17,137,51,54,53,55,50,57,3,0,1,0,4,12,0,3,23,3,3
489,Manaphy,17,178,66,72,67,70,66,74,3,0,1,0,4,12,0,2,9,0,1
490,Darkrai,1,178,41,64,62,90,59,94,3,1,0,0,4,11,0,15,227,0,1
491,Shaymin,9,178,66,72,67,70,66,74,3,1,3,0,4,11,0,1,15,5,9
492,Arceus,12,182,79,85,79,84,77,91,3,1,4,0,4,11,0,31,380,0,9
493,Victini,14,178,66,72,67,70,66,74,4,1,9,0,4,11,0,3,30,0,1
494,Snivy,9,50,17,20,29,22,27,40,4,0,3,1,6,5,0,5,60,5,0
495,Servine,9,98,31,35,48,36,45,60,4,0,3,1,6,5,0,7,101,5,0
496,Serperior,9,166,46,50,64,50,62,86,4,0,3,1,6,5,0,32,257,5,10
497,Tepig,6,50,36,38,20,22,18,24,4,0,7,1,6,5,0,4,71,5,9
498,Pignite,6,101,60,67,29,45,27,32,4,0,7,1,6,5,0,10,240,5,0
499,Emboar,6,166,74,87,39,70,37,42,4,0,7,1,6,5,0,16,340,5,0
500,Oshawott,17,50,26,30,20,39,18,24,4,0,1,1,6,5,0,4,42,5,0
501,Dewott,17,98,46,50,34,57,32,37,4,0,1,1,6,5,0,7,143,5,0
502,Samurott,17,166,63,72,57,76,41,47,4,0,1,1,6,5,0,15,304,5,9
503,Patrat,12,21,17,30,14,12,12,21,4,0,2,1,3,5,0,4,83,32,9
504,Watchog,12,102,31,59,43,36,40,54,4,0,2,1,3,5,0,11,153,32,0
505,Lillipup,12,31,17,35,20,5,18,32,4,0,2,1,3,5,0,3,31,32,9
506,Herdier,12,83,36,54,39,12,37,37,4,0,4,1,3,5,0,9,95,15,9
507,Stoutland,12,152,56,81,62,22,59,57,4,0,4,1,3,5,0,12,254,5,9
508,Purrloin,1,34,13,25,12,27,10,43,4,0,6,1,3,5,0,3,73,32,9
509,Liepard,1,114,35,62,24,61,22,80,4,0,6,1,3,5,0,11,190,13,9
510,Pansage,9,56,21,28,22,29,20,41,4,0,3,1,6,5,0,5,77,26,0
511,Simisage,9,150,46,71,37,68,35,75,4,0,3,1,6,5,0,11,164,11,0
512,Pansear,6,56,21,28,22,29,20,41,4,0,7,1,6,5,0,5,80,26,0
513,Simisear,6,150,46,71,37,68,35,75,4,0,7,1,6,5,0,10,155,11,0
514,Panpour,17,56,21,28,22,29,20,41,4,0,1,1,6,5,0,5,90,26,0
515,Simipour,17,150,46,71,37,68,35,75,4,0,1,1,6,5,0,10,159,11,0
516,Munna,14,39,47,7,20,42,27,6,4,0,5,1,3,5,0,5,135,26,9
517,Musharna,14,143,78,30,57,75,62,9,4,0,5,1,3,5,0,11,252,11,1
518,Pidove,12,25,21,30,24,13,3,22,4,0,4,1,3,6,0,2,15,32,12
519,Tranquill,12,77,33,52,36,27,15,42,4,0,4,1,3,6,0,5,96,15,12
520,Unfezant,12,144,51,83,53,41,27,69,4,0,4,1,3,6,0,12,159,5,12
521,Blitzle,3,41,17,35,8,27,5,53,4,0,0,1,3,5,0,7,161,26,9
522,Zebstrika,3,149,46,72,37,55,35,89,4,0,0,1,3,5,0,16,277,11,9
523,Roggenrola,15,33,26,50,57,5,2,2,4,0,1,1,3,9,0,3,109,32,5
524,Boldore,15,90,41,76,70,27,13,3,4,0,1,1,3,9,0,9,313,15,11
525,Gigalith,15,159,56,94,84,36,50,7,4,0,1,1,3,9,0,17,373,5,11
526,Woobat,14,53,26,20,18,31,16,49,4,0,1,1,3,5,0,3,15,26,12
527,Swoobat,14,105,38,32,29,52,27,87,4,0,1,1,3,5,0,9,77,5,12
528,Drilbur,10,62,31,59,15,8,18,45,4,0,4,1,3,5,0,2,63,15,0
529,Excadrill,10,155,74,94,34,27,37,64,4,0,4,1,3,5,0,6,199,8,1
530,Audino,12,113,68,35,58,36,55,29,4,0,5,1,3,4,1,11,166,32,0
531,Timburr,5,47,46,54,29,5,8,15,4,0,4,1,5,8,0,5,87,25,1
532,Gurdurr,5,94,56,76,57,17,22,19,4,0,4,1,5,8,0,12,196,13,1
533,Conkeldurr,5,153,70,95,64,31,37,24,4,0,4,1,5,8,0,14,294,5,1
534,Tympole,17,40,21,25,15,27,13,41,4,0,1,1,3,12,0,4,34,32,13
535,Palpitoad,17,88,46,40,29,41,27,46,4,0,1,1,3,12,0,7,105,15,0
536,Seismitoad,17,156,70,69,48,58,45,51,4,0,1,1,3,12,0,15,256,5,1
537,Throh,5,126,79,72,57,8,54,24,4,0,7,1,7,8,0,13,240,5,1
538,Sawk,5,126,46,89,48,8,45,62,4,0,1,1,7,8,0,14,228,5,1
539,Sewaddle,0,52,17,28,44,17,32,21,4,0,9,1,3,1,0,2,18,32,7
540,Swadloon,0,86,26,38,62,27,50,21,4,0,3,1,3,1,0,4,52,15,3
541,Leavanny,0,152,46,74,53,45,50,68,4,0,9,1,3,1,0,12,123,5,1
542,Venipede,0,22,5,20,33,8,12,34,4,0,7,1,3,1,0,3,37,32,7
543,Whirlipede,0,78,12,30,66,17,49,26,4,0,4,1,3,1,0,12,247,15,6
544,Scolipede,0,142,31,72,61,31,40,85,4,0,7,1,3,1,0,25,357,5,7
545,Cottonee,9,33,12,8,34,14,22,43,4,0,3,1,3,7,0,2,3,26,6
546,Whimsicott,9,137,31,42,57,52,45,89,4,0,3,1,3,7,0,6,48,11,1
547,Petilil,9,33,17,12,24,45,22,10,4,0,3,1,0,7,0,4,48,26,4
548,Lilligant,9,137,41,35,48,78,45,66,4,0,3,1,0,7,0,11,102,11,4
549,Basculin,17,122,41,66,39,55,27,72,4,0,3,1,3,13,0,10,109,2,13
550,Sandile,10,39,21,47,11,12,8,42,4,0,2,1,3,5,0,6,97,25,9
551,Krokorok,10,74,31,56,20,22,18,51,4,0,2,1,3,5,0,10,176,13,9
552,Krookodile,10,161,63,84,53,41,41,68,4,0,7,1,3,5,0,15,308,5,0
553,Darumaka,6,55,41,64,20,1,18,29,4,0,7,1,3,5,0,5,190,15,1
554,Darmanitan,6,137,70,95,29,8,27,70,4,0,7,1,3,5,0,13,303,8,9
555,Maractus,9,123,46,60,41,74,39,37,4,0,3,1,3,7,0,10,155,32,4
556,Dwebble,0,61,21,40,57,12,8,32,4,0,7,1,3,1,0,2,94,26,7
557,Crustle,0,135,41,69,82,41,45,24,4,0,7,1,3,1,0,14,356,11,7
558,Scraggy,1,71,21,50,44,12,41,27,4,0,9,1,3,5,0,5,84,25,0
559,Scrafty,1,144,36,64,75,22,75,35,4,0,7,1,3,5,0,11,163,13,0
560,Sigilyph,14,146,43,33,53,71,50,71,4,0,0,1,3,6,0,14,92,5,12
561,Yamask,8,45,10,10,57,31,37,10,4,0,0,1,3,9,0,4,10,26,3
562,Cofagrigus,8,140,29,25,89,66,69,10,4,0,9,1,3,9,0,17,273,13,4
563,Tirtouga,17,76,25,53,69,29,18,4,4,0,1,1,6,12,0,6,103,5,9
564,Carracosta,17,148,45,79,86,57,37,12,4,0,1,1,6,12,0,12,281,5,0
565,Archen,15,93,26,82,20,49,18,47,4,0,9,1,6,6,0,4,70,5,12
566,Archeops,15,176,46,95,39,80,37,83,4,0,9,1,6,6,0,14,169,5,12
567,Trubbish,13,63,21,25,36,17,34,42,4,0,3,1,3,9,0,5,166,26,1
568,Garbodor,13,134,51,69,54,36,52,52,4,0,3,1,3,9,0,19,319,8,1
569,Zorua,1,64,12,40,15,55,13,42,4,0,4,1,6,5,0,6,87,11,9
570,Zoroark,1,157,31,76,34,84,32,79,4,0,4,1,6,5,0,16,282,5,0
571,Minccino,12,43,26,25,15,17,13,52,4,0,4,1,2,5,0,3,41,32,9
572,Cinccino,12,130,46,69,34,41,32,88,4,0,4,1,2,5,0,4,54,8,9
573,Gothita,14,38,17,10,24,31,37,24,4,0,6,1,2,8,0,3,41,27,1
574,Gothorita,14,90,31,20,44,50,54,32,4,0,6,1,2,8,0,6,109,14,1
575,Gothitelle,14,146,41,30,64,66,73,42,4,0,6,1,2,8,0,15,210,6,1
576,Solosis,14,38,17,10,15,73,22,3,4,0,3,1,3,0,0,2,6,27,6
577,Duosion,14,83,36,15,24,85,32,10,4,0,3,1,3,0,0,5,59,14,6
578,Reuniclus,14,146,74,40,48,85,54,10,4,0,3,1,3,0,0,10,120,6,3
579,Ducklett,17,47,33,19,24,21,22,32,4,0,1,1,3,12,0,4,39,26,12
580,Swanna,17,133,46,61,37,60,35,72,4,0,8,1,3,12,0,13,141,5,12
581,Vanillite,11,47,8,25,24,41,32,23,4,0,8,1,3,9,0,3,40,32,4
582,Vanillish,11,91,22,40,39,55,45,36,4,0,8,1,3,9,0,11,203,15,4
583,Vanilluxe,11,170,42,69,57,78,62,56,4,0,8,1,3,9,0,13,245,5,8
584,Deerling,12,66,31,35,24,17,22,52,4,0,9,1,3,5,0,5,115,26,9
585,Sawsbuck,12,135,51,72,44,36,41,70,4,0,2,1,3,5,0,19,302,11,9
586,Emolga,3,106,26,50,34,50,32,77,4,0,8,1,3,5,0,3,35,27,9
587,Karrablast,0,55,21,50,20,17,18,37,4,0,1,1,3,1,0,4,42,27,1
588,Escavalier,0,148,41,94,70,36,69,3,4,0,4,1,3,1,0,10,174,11,3
589,Foongus,9,40,40,30,20,31,27,2,4,0,8,1,3,7,0,1,6,26,3
590,Amoonguss,9,125,76,59,44,58,50,10,4,0,4,1,3,7,0,5,77,11,3
591,Frillish,17,66,26,15,24,41,54,19,4,0,8,1,3,0,0,12,174,26,11
592,Jellicent,17,137,66,35,44,58,69,37,4,0,8,1,3,0,0,22,332,8,11
593,Alomomola,17,130,89,50,53,17,18,42,4,0,5,1,3,12,0,12,168,11,13
594,Joltik,0,58,21,22,24,33,22,42,4,0,9,1,3,1,0,0,3,26,7
595,Galvantula,0,132,41,52,34,67,32,81,4,0,9,1,3,1,0,7,93,11,7
596,Ferroseed,9,47,16,25,63,4,55,1,4,0,4,1,3,7,0,5,112,32,6
597,Ferrothorn,9,145,45,68,85,30,76,3,4,0,4,1,3,7,0,10,321,13,11
598,Klink,16,43,12,30,44,22,32,10,4,0,4,0,4,9,0,2,126,18,8
599,Klang,16,111,31,54,64,45,54,29,4,0,4,0,4,9,0,5,228,8,8
600,Klinklang,16,162,31,72,75,45,54,66,4,0,4,0,4,9,0,5,281,3,8
601,Tynamo,3,31,7,30,15,22,13,37,4,0,8,1,3,0,0,1,1,26,13
602,Eelektrik,3,94,36,59,44,50,41,19,4,0,1,1,3,0,0,12,131,8,13
603,Eelektross,3,159,56,83,53,73,50,29,4,0,1,1,3,0,0,21,280,3,13
604,Elgyem,14,66,26,30,29,58,27,10,4,0,4,1,3,8,0,4,67,32,0
605,Beheeyem,14,142,46,50,48,85,62,19,4,0,2,1,3,8,0,10,181,13,1
606,Litwick,8,31,21,10,29,41,27,3,4,0,8,1,3,0,0,2,23,26,4
607,Lampent,8,83,31,15,34,66,32,32,4,0,0,1,3,0,0,5,88,13,3
608,Chandelure,8,162,31,30,62,91,59,57,4,0,0,1,3,0,0,10,180,5,3
609,Axew,2,59,18,61,34,8,13,34,4,0,3,1,3,10,0,5,109,11,0
610,Fraxure,2,96,37,84,44,17,22,44,4,0,3,1,3,10,0,10,187,8,0
611,Haxorus,2,171,47,96,62,36,41,71,4,0,9,1,3,10,0,18,317,5,0
612,Cubchoo,11,47,26,45,15,36,13,19,4,0,1,1,3,5,0,4,63,15,0
613,Beartic,11,142,63,81,53,45,50,29,4,0,8,1,3,5,0,26,373,8,9
614,Cryogonal,11,142,41,25,7,66,83,79,4,0,1,0,4,9,0,11,338,2,6
615,Shelmet,0,47,21,15,57,17,37,7,4,0,7,1,3,1,0,3,56,27,6
616,Accelgor,0,148,51,45,15,70,32,98,4,0,7,1,3,1,0,7,147,11,3
617,Stunfisk,10,131,73,41,56,56,65,12,4,0,2,1,3,12,0,6,80,11,13
618,Mienfoo,5,73,17,59,24,31,22,42,4,0,9,1,3,5,0,9,119,25,0
619,Mienshao,5,157,36,89,34,66,32,79,4,0,6,1,3,5,0,14,185,5,0
620,Druddigon,2,142,48,85,62,36,59,27,4,0,7,1,3,3,0,16,336,5,0
621,Golett,10,45,30,49,24,12,22,15,4,0,3,0,4,9,0,10,301,26,1
622,Golurk,10,140,59,88,53,31,50,32,4,0,3,0,4,9,0,28,382,13,1
623,Pawniard,1,68,17,59,44,17,13,37,4,0,7,1,3,8,0,4,74,15,1
624,Bisharp,1,146,36,89,67,36,41,47,4,0,7,1,3,8,0,16,264,5,1
625,Bouffalant,12,146,63,81,64,17,62,32,4,0,2,1,3,5,0,16,304,5,9
626,Rufflet,12,73,41,57,24,14,22,37,4,0,8,1,7,6,0,4,77,26,12
627,Braviary,12,157,66,87,48,33,45,57,4,0,7,1,7,6,0,15,203,8,12
628,Vullaby,1,83,41,30,48,22,37,37,4,0,2,1,0,6,0,4,67,26,12
629,Mandibuzz,1,157,74,40,70,31,62,57,4,0,2,1,0,6,0,12,195,8,12
630,Heatmor,6,141,56,70,40,73,38,42,4,0,7,1,3,5,0,14,246,13,0
631,Durant,0,141,29,80,74,25,20,82,4,0,4,1,3,1,0,2,174,13,7
632,Deino,1,43,23,40,24,22,22,17,4,0,1,1,3,3,0,7,106,5,9
633,Zweilous,1,102,43,59,44,41,41,35,4,0,1,1,3,3,0,14,225,5,9
634,Hydreigon,1,178,62,76,62,85,59,72,4,0,1,1,3,3,0,18,346,5,0
635,Larvesta,0,78,26,59,29,27,27,37,4,0,8,1,3,1,0,11,158,5,7
636,Volcarona,0,173,56,35,39,90,69,74,4,0,8,1,3,1,0,16,215,1,2
637,Cobalion,16,177,61,64,83,62,43,81,4,1,1,0,4,11,0,21,370,0,9
638,Terrakion,15,177,61,90,62,47,59,81,4,1,4,0,4,11,0,19,373,0,9
639,Virizion,9,177,61,64,46,62,81,81,4,1,3,0,4,11,0,20,356,0,9
640,Tornadus,7,177,50,83,44,85,50,84,4,1,3,1,7,11,0,15,257,0,3
641,Thundurus,3,177,50,83,44,85,50,84,4,1,1,1,7,11,0,15,254,0,3
642,Reshiram,2,181,66,85,67,92,77,66,4,1,8,0,4,11,0,31,382,0,12
643,Zekrom,2,181,66,97,79,84,66,66,4,1,0,0,4,11,0,29,385,0,0
644,Landorus,10,178,59,89,62,82,50,75,4,1,2,1,7,11,0,15,262,0,3
645,Kyurem,2,179,81,91,62,88,59,70,4,1,4,0,4,11,0,30,381,0,0
646,Keldeo,17,177,61,47,62,87,59,81,4,0,9,0,4,11,0,14,221,0,9
647,Meloetta,12,178,66,52,50,86,80,66,4,0,8,0,4,11,0,5,47,0,1
648,Genesect,0,178,42,85,64,84,62,73,4,0,6,0,4,11,0,15,286,0,1
649,Chespin,9,53,27,36,39,25,18,17,5,0,3,1,6,5,0,3,67,5,0
650,Quilladin,9,94,32,53,64,32,30,34,5,0,3,1,6,5,0,6,159,5,0
651,Chesnaught,9,167,58,78,81,49,45,41,5,0,3,1,6,5,0,16,298,5,0
652,Fennekin,6,49,12,20,15,38,32,37,5,0,7,1,6,5,0,3,69,5,9
653,Braixen,6,95,30,34,32,62,41,50,5,0,7,1,6,5,0,10,94,5,0
654,Delphox,6,169,46,44,46,81,66,78,5,0,7,1,6,5,0,15,193,5,0
655,Froakie,17,54,13,31,15,38,17,48,5,0,1,1,6,12,0,2,50,5,9
656,Frogadier,17,94,25,38,26,57,28,71,5,0,1,1,6,12,0,5,79,5,1
657,Greninja,17,167,43,69,41,71,42,92,5,0,1,1,6,12,0,15,196,5,1
658,Bunnelby,12,14,10,13,13,10,9,34,5,0,2,1,3,5,0,3,35,32,0
659,Diggersby,12,103,56,31,50,27,47,55,5,0,2,1,3,5,0,10,207,17,0
660,Fletchling,12,32,17,25,18,17,11,39,5,0,7,1,3,6,0,2,11,32,12
661,Fletchinder,6,87,33,48,29,32,24,61,5,0,7,1,3,6,0,6,101,15,12
662,Talonflame,6,151,49,55,45,49,40,95,5,0,7,1,3,6,0,12,143,5,12
663,Scatterbug,0,5,10,12,15,6,2,15,5,0,0,1,3,1,0,2,18,32,7
664,Spewpa,0,8,17,4,34,6,3,9,5,0,0,1,3,1,0,2,62,15,4
665,Vivillon,0,97,51,27,24,62,22,65,5,0,0,1,3,1,0,12,105,5,2
666,Litleo,6,82,33,25,32,48,26,49,5,0,2,1,1,5,0,5,90,29,9
667,Pyroar,6,154,57,43,46,77,38,80,5,0,2,1,1,5,0,15,283,9,9
668,Flabébé,4,45,16,14,14,37,49,21,5,0,8,1,0,4,0,0,0,30,3
669,Floette,4,84,25,20,21,50,64,31,5,0,8,1,0,4,0,1,5,15,3
670,Florges,4,174,49,40,42,80,87,52,5,0,8,1,0,4,0,11,72,5,3
671,Skiddo,9,73,37,40,22,38,29,31,5,0,2,1,3,5,0,9,166,27,9
672,Gogoat,9,168,80,72,36,67,51,45,5,0,2,1,3,5,0,17,300,5,9
673,Pancham,5,71,38,56,36,23,20,22,5,0,8,1,3,5,0,5,59,29,0
674,Pangoro,5,148,63,88,51,44,42,35,5,0,8,1,3,5,0,21,334,9,1
675,Furfrou,12,132,46,54,34,41,59,76,5,0,8,1,3,5,0,12,155,23,9
676,Espurr,14,76,33,23,28,39,32,45,5,0,4,1,3,5,0,2,27,26,0
677,Meowstic,14,127,45,23,49,57,51,78,5,0,8,1,3,5,0,5,63,11,0
678,Honedge,16,61,17,54,67,12,10,8,5,0,2,1,3,9,0,7,14,25,4
679,Doublade,16,115,30,81,90,22,21,15,5,0,2,1,3,9,0,8,34,13,8
680,Aegislash,16,162,31,25,90,27,86,37,5,0,2,1,3,9,0,17,235,5,4
681,Spritzee,4,69,49,27,34,39,37,5,5,0,5,1,3,4,0,1,2,27,3
682,Aromatisse,4,124,67,47,46,69,58,9,5,0,5,1,3,4,0,7,99,19,1
683,Swirlix,4,69,33,23,40,35,29,28,5,0,8,1,3,4,0,3,27,27,5
684,Slurpuff,4,137,53,54,58,58,45,49,5,0,8,1,3,4,0,7,35,19,1
685,Inkay,1,36,24,29,27,14,19,24,5,0,1,1,3,12,0,3,27,26,11
686,Malamar,1,139,57,66,60,43,45,50,5,0,1,1,3,12,0,15,218,12,4
687,Binacle,15,48,14,27,41,16,28,29,5,0,2,1,3,14,0,4,166,15,8
688,Barbaracle,15,152,43,76,75,30,55,45,5,0,2,1,3,14,0,13,307,5,8
689,Skrelp,13,59,21,35,34,36,32,10,5,0,2,1,3,12,0,4,52,30,4
690,Dragalge,13,147,36,50,62,67,78,23,5,0,2,1,3,12,0,18,283,7,4
691,Clauncher,17,64,21,28,36,34,35,23,5,0,1,1,3,12,0,4,61,30,7
692,Clawitzer,17,152,42,48,60,84,58,36,5,0,1,1,3,12,0,13,184,7,10
693,Helioptile,3,37,16,14,9,37,16,47,5,0,9,1,3,10,0,4,43,26,0
694,Heliolisk,3,138,33,30,26,77,61,82,5,0,9,1,3,10,0,10,126,11,0
695,Tyrunt,15,79,29,63,50,22,18,27,5,0,2,1,6,10,0,7,150,5,0
696,Tyrantrum,15,163,53,86,78,44,31,48,5,0,7,1,6,10,0,25,374,5,0
697,Amaura,15,79,48,34,24,42,35,25,5,0,1,1,6,10,0,13,146,5,9
698,Aurorus,15,163,80,52,46,69,60,35,5,0,1,1,6,10,0,27,367,5,9
699,Sylveon,4,165,63,40,39,78,82,37,5,0,5,1,6,5,0,10,137,5,9
700,Hawlucha,5,152,49,66,48,49,35,90,5,0,3,1,3,8,0,7,129,14,1
701,Dedenne,3,108,38,33,31,56,39,75,5,0,9,1,3,5,0,1,16,25,0
702,Carbink,15,152,21,25,90,27,86,29,5,0,4,0,4,4,0,2,40,8,6
703,Goomy,2,43,17,25,11,31,45,19,5,0,6,1,3,3,0,2,20,5,10
704,Sliggoo,2,117,39,50,27,57,74,37,5,0,6,1,3,3,0,7,107,5,10
705,Goodra,2,178,60,72,44,78,86,57,5,0,6,1,3,3,0,20,341,5,0
706,Klefki,16,130,28,54,63,55,56,52,5,0,4,1,3,9,0,1,22,11,6
707,Phantump,8,51,15,45,22,27,32,17,5,0,2,1,3,7,0,3,50,15,3
708,Trevenant,8,134,56,81,49,41,52,33,5,0,2,1,3,7,0,15,266,8,11
709,Pumpkaboo,8,66,20,41,44,21,27,30,5,0,2,1,3,0,0,3,35,15,6
710,Gourgeist,8,147,36,64,81,34,45,61,5,0,2,1,3,0,0,17,193,8,4
711,Bergmite,11,46,26,44,57,10,8,8,5,0,1,1,3,10,0,10,310,26,9
712,Avalugg,11,158,63,84,94,21,19,8,5,0,1,1,3,10,0,20,393,7,9
713,Noibat,7,17,12,10,11,22,13,32,5,0,6,1,3,6,0,4,59,26,12
714,Noivern,7,170,56,45,53,67,50,93,5,0,6,1,3,6,0,15,289,5,12
715,Xerneas,4,181,82,92,64,89,64,73,5,1,1,0,4,11,0,30,364,5,9
716,Yveltal,1,181,82,92,64,89,64,73,5,1,7,0,4,11,0,42,360,5,12
717,Zygarde,2,178,72,72,80,56,62,70,5,1,3,0,4,11,0,39,378,0,10
718,Diancie,15,178,21,72,90,70,86,29,5,1,5,0,4,11,1,6,66,0,3
719,Hoopa,14,178,51,81,34,92,82,47,5,1,6,0,4,11,0,4,67,0,6
720,Volcanion,6,178,51,81,79,88,59,47,5,1,2,0,4,11,0,17,353,0,9
